INSERT INTO Autor (ID_Autor, Nome, Data_Nascimento) VALUES (1, 'J.K. Rowling', '1965-07-31');
INSERT INTO Autor (ID_Autor, Nome, Data_Nascimento) VALUES (2, 'George R.R. Martin', '1948-09-20');
INSERT INTO Autor (ID_Autor, Nome, Data_Nascimento) VALUES (3, 'J.R.R. Tolkien', '1892-01-03');
INSERT INTO Autor (ID_Autor, Nome, Data_Nascimento) VALUES (4, 'Isaac Asimov', '1920-01-02');
INSERT INTO Autor (ID_Autor, Nome, Data_Nascimento) VALUES (5, 'Agatha Christie', '1890-09-15');
INSERT INTO Autor (ID_Autor, Nome, Data_Nascimento) VALUES (6, 'Stephen King', '1947-09-21');
INSERT INTO Autor (ID_Autor, Nome, Data_Nascimento) VALUES (7, 'Arthur Conan Doyle', '1859-05-22');
INSERT INTO Autor (ID_Autor, Nome, Data_Nascimento) VALUES (8, 'Neil Gaiman', '1960-11-10');
INSERT INTO Autor (ID_Autor, Nome, Data_Nascimento) VALUES (9, 'H.G. Wells', '1866-09-21');
INSERT INTO Autor (ID_Autor, Nome, Data_Nascimento) VALUES (10, 'Margaret Atwood', '1939-11-18');
INSERT INTO Autor (ID_Autor, Nome, Data_Nascimento) VALUES (11, 'Philip K. Dick', '1928-12-16');
INSERT INTO Autor (ID_Autor, Nome, Data_Nascimento) VALUES (12, 'Douglas Adams', '1952-03-11');
INSERT INTO Autor (ID_Autor, Nome, Data_Nascimento) VALUES (13, 'Mary Shelley', '1797-08-30');
INSERT INTO Categoria (ID_Categoria, Nome) VALUES (1, 'Fantasia');
INSERT INTO Categoria (ID_Categoria, Nome) VALUES (2, 'Ficção Científica');
INSERT INTO Categoria (ID_Categoria, Nome) VALUES (3, 'Aventura');
INSERT INTO Categoria (ID_Categoria, Nome) VALUES (4, 'Suspense');
INSERT INTO Categoria (ID_Categoria, Nome) VALUES (5, 'Terror');
INSERT INTO Categoria (ID_Categoria, Nome) VALUES (6, 'Clássicos');
INSERT INTO Categoria (ID_Categoria, Nome) VALUES (7, 'Romance');
INSERT INTO Categoria (ID_Categoria, Nome) VALUES (8, 'História');
INSERT INTO Categoria (ID_Categoria, Nome) VALUES (9, 'Biografia');
INSERT INTO Categoria (ID_Categoria, Nome) VALUES (10, 'Filosofia');
INSERT INTO Categoria (ID_Categoria, Nome) VALUES (11, 'Poesia');
INSERT INTO Categoria (ID_Categoria, Nome) VALUES (12, 'Ciências');
INSERT INTO Categoria (ID_Categoria, Nome) VALUES (13, 'Humor');
INSERT INTO Livro (ID_Livro, Titulo, ID_Autor, Ano_Publicacao) VALUES (1, 'Harry Potter e a Pedra Filosofal', 1, 1997);
INSERT INTO Livro (ID_Livro, Titulo, ID_Autor, Ano_Publicacao) VALUES (2, 'A Guerra dos Tronos', 2, 1996);
INSERT INTO Livro (ID_Livro, Titulo, ID_Autor, Ano_Publicacao) VALUES (3, 'O Senhor dos Anéis', 3, 1954);
INSERT INTO Livro (ID_Livro, Titulo, ID_Autor, Ano_Publicacao) VALUES (4, 'Eu, Robô', 4, 1950);
INSERT INTO Livro (ID_Livro, Titulo, ID_Autor, Ano_Publicacao) VALUES (5, 'Assassinato no Expresso do Oriente', 5, 1934);
INSERT INTO Livro (ID_Livro, Titulo, ID_Autor, Ano_Publicacao) VALUES (6, 'O Iluminado', 6, 1977);
INSERT INTO Livro (ID_Livro, Titulo, ID_Autor, Ano_Publicacao) VALUES (7, 'O Cão dos Baskervilles', 7, 1902);
INSERT INTO Livro (ID_Livro, Titulo, ID_Autor, Ano_Publicacao) VALUES (8, 'Deuses Americanos', 8, 2001);
INSERT INTO Livro (ID_Livro, Titulo, ID_Autor, Ano_Publicacao) VALUES (9, 'A Máquina do Tempo', 9, 1895);
INSERT INTO Livro (ID_Livro, Titulo, ID_Autor, Ano_Publicacao) VALUES (10, 'O Conto da Aia', 10, 1985);
INSERT INTO Livro (ID_Livro, Titulo, ID_Autor, Ano_Publicacao) VALUES (11, 'Androides Sonham com Ovelhas Elétricas?', 11, 1968);
INSERT INTO Livro (ID_Livro, Titulo, ID_Autor, Ano_Publicacao) VALUES (12, 'O Guia do Mochileiro das Galáxias', 12, 1979);
INSERT INTO Livro (ID_Livro, Titulo, ID_Autor, Ano_Publicacao) VALUES (13, 'Frankenstein', 13, 1818);
INSERT INTO Livro_Categoria (ID_Livro, ID_Categoria) VALUES (1, 1);
INSERT INTO Livro_Categoria (ID_Livro, ID_Categoria) VALUES (1, 3);
INSERT INTO Livro_Categoria (ID_Livro, ID_Categoria) VALUES (2, 1);
INSERT INTO Livro_Categoria (ID_Livro, ID_Categoria) VALUES (2, 2);
INSERT INTO Livro_Categoria (ID_Livro, ID_Categoria) VALUES (3, 1);
INSERT INTO Livro_Categoria (ID_Livro, ID_Categoria) VALUES (3, 3);
INSERT INTO Livro_Categoria (ID_Livro, ID_Categoria) VALUES (4, 2);
INSERT INTO Livro_Categoria (ID_Livro, ID_Categoria) VALUES (5, 4);
INSERT INTO Livro_Categoria (ID_Livro, ID_Categoria) VALUES (6, 5);
INSERT INTO Livro_Categoria (ID_Livro, ID_Categoria) VALUES (7, 4);
INSERT INTO Livro_Categoria (ID_Livro, ID_Categoria) VALUES (8, 1);
INSERT INTO Livro_Categoria (ID_Livro, ID_Categoria) VALUES (9, 2);
INSERT INTO Livro_Categoria (ID_Livro, ID_Categoria) VALUES (10, 7);
INSERT INTO Livro_Categoria (ID_Livro, ID_Categoria) VALUES (11, 2);
INSERT INTO Livro_Categoria (ID_Livro, ID_Categoria) VALUES (12, 13);
INSERT INTO Livro_Categoria (ID_Livro, ID_Categoria) VALUES (13, 6);
INSERT INTO Usuario (ID_Usuario, Nome, Email) VALUES (1, 'Alice', 'alice@example.com');
INSERT INTO Usuario (ID_Usuario, Nome, Email) VALUES (2, 'Bob', 'bob@example.com');
INSERT INTO Usuario (ID_Usuario, Nome, Email) VALUES (3, 'Charlie', 'charlie@example.com');
INSERT INTO Usuario (ID_Usuario, Nome, Email) VALUES (4, 'Diana', 'diana@example.com');
INSERT INTO Usuario (ID_Usuario, Nome, Email) VALUES (5, 'Eve', 'eve@example.com');
INSERT INTO Usuario (ID_Usuario, Nome, Email) VALUES (6, 'Frank', 'frank@example.com');
INSERT INTO Usuario (ID_Usuario, Nome, Email) VALUES (7, 'Grace', 'grace@example.com');
INSERT INTO Usuario (ID_Usuario, Nome, Email) VALUES (8, 'Hank', 'hank@example.com');
INSERT INTO Usuario (ID_Usuario, Nome, Email) VALUES (9, 'Ivy', 'ivy@example.com');
INSERT INTO Usuario (ID_Usuario, Nome, Email) VALUES (10, 'Jack', 'jack@example.com');
INSERT INTO Usuario (ID_Usuario, Nome, Email) VALUES (11, 'Karen', 'karen@example.com');
INSERT INTO Usuario (ID_Usuario, Nome, Email) VALUES (12, 'Leo', 'leo@example.com');
INSERT INTO Usuario (ID_Usuario, Nome, Email) VALUES (13, 'Mona', 'mona@example.com');
INSERT INTO Emprestimo (ID_Emprestimo, ID_Livro, ID_Usuario, Data_Emprestimo, Data_Devolucao) VALUES (1, 1, 1, '2024-07-01', NULL);
INSERT INTO Emprestimo (ID_Emprestimo, ID_Livro, ID_Usuario, Data_Emprestimo, Data_Devolucao) VALUES (2, 2, 2, '2024-07-03', '2024-07-10');
INSERT INTO Emprestimo (ID_Emprestimo, ID_Livro, ID_Usuario, Data_Emprestimo, Data_Devolucao) VALUES (3, 3, 3, '2024-07-05', NULL);
INSERT INTO Emprestimo (ID_Emprestimo, ID_Livro, ID_Usuario, Data_Emprestimo, Data_Devolucao) VALUES (4, 4, 4, '2024-08-01', NULL);
INSERT INTO Emprestimo (ID_Emprestimo, ID_Livro, ID_Usuario, Data_Emprestimo, Data_Devolucao) VALUES (5, 5, 5, '2024-08-03', '2024-08-10');
INSERT INTO Emprestimo (ID_Emprestimo, ID_Livro, ID_Usuario, Data_Emprestimo, Data_Devolucao) VALUES (6, 6, 6, '2024-08-05', '2024-08-15');
INSERT INTO Emprestimo (ID_Emprestimo, ID_Livro, ID_Usuario, Data_Emprestimo, Data_Devolucao) VALUES (7, 7, 7, '2024-08-07', NULL);
INSERT INTO Emprestimo (ID_Emprestimo, ID_Livro, ID_Usuario, Data_Emprestimo, Data_Devolucao) VALUES (8, 8, 8, '2024-08-09', '2024-08-20');
INSERT INTO Emprestimo (ID_Emprestimo, ID_Livro, ID_Usuario, Data_Emprestimo, Data_Devolucao) VALUES (9, 9, 9, '2024-08-11', '2024-08-22');
INSERT INTO Emprestimo (ID_Emprestimo, ID_Livro, ID_Usuario, Data_Emprestimo, Data_Devolucao) VALUES (10, 10, 10, '2024-08-13', NULL);
INSERT INTO Emprestimo (ID_Emprestimo, ID_Livro, ID_Usuario, Data_Emprestimo, Data_Devolucao) VALUES (11, 11, 11, '2024-08-15', '2024-08-25');
INSERT INTO Emprestimo (ID_Emprestimo, ID_Livro, ID_Usuario, Data_Emprestimo, Data_Devolucao) VALUES (12, 12, 12, '2024-08-17', NULL);
INSERT INTO Emprestimo (ID_Emprestimo, ID_Livro, ID_Usuario, Data_Emprestimo, Data_Devolucao) VALUES (13, 13, 13, '2024-08-19', '2024-08-29');
